{
    "epsilon": [
        0.00784313725490196,
        0.01568627450980392,
        0.023529411764705882,
        0.03137254901960784,
        0.0392156862745098,
        0.047058823529411764,
        0.054901960784313725,
        0.06274509803921569
    ],
    "adv_entropy": [
        10.40777587890625,
        10.358098983764648,
        10.263896942138672,
        10.20020580291748,
        10.136868476867676,
        10.0770845413208,
        10.0115385055542,
        9.981159210205078
    ],
    "entropy_diff": [
        -0.11157417297363281,
        -0.06189727783203125,
        0.03230476379394531,
        0.09599590301513672,
        0.1593332290649414,
        0.2191171646118164,
        0.28466320037841797,
        0.31504249572753906
    ],
    "attention_shift": [
        0.8630490899085999,
        0.8914728760719299,
        0.9018087983131409,
        0.9224806427955627,
        0.9224806427955627,
        0.9276486039161682,
        0.9328165650367737,
        0.9354005455970764
    ]
}