{
    "epsilon": [
        0.00784313725490196,
        0.01568627450980392,
        0.023529411764705882,
        0.03137254901960784,
        0.0392156862745098,
        0.047058823529411764,
        0.054901960784313725,
        0.06274509803921569
    ],
    "adv_entropy": [
        10.260602951049805,
        10.043569564819336,
        9.871857643127441,
        9.824920654296875,
        9.754220008850098,
        9.735224723815918,
        9.72800350189209,
        9.724475860595703
    ],
    "entropy_diff": [
        0.2970409393310547,
        0.5140743255615234,
        0.685786247253418,
        0.7327232360839844,
        0.8034238815307617,
        0.8224191665649414,
        0.8296403884887695,
        0.8331680297851562
    ],
    "attention_shift": [
        0.9340000152587891,
        0.953000009059906,
        0.9660000205039978,
        0.9779999852180481,
        0.9829999804496765,
        0.9890000224113464,
        0.9890000224113464,
        0.9919999837875366
    ]
}