{
    "c": [
        1,
        3,
        5,
        10,
        15,
        20,
        25,
        30
    ],
    "adv_entropy": [
        10.319927215576172,
        10.327574729919434,
        10.321206092834473,
        10.322196960449219,
        10.317911148071289,
        10.319964408874512,
        10.321670532226562,
        10.319371223449707
    ],
    "entropy_diff": [
        -0.0236968994140625,
        -0.03134441375732422,
        -0.02497577667236328,
        -0.025966644287109375,
        -0.021680831909179688,
        -0.023734092712402344,
        -0.025440216064453125,
        -0.023140907287597656
    ],
    "attention_shift": [
        0.5452196598052979,
        0.8372092843055725,
        0.8630490899085999,
        0.8837209343910217,
        0.8914728760719299,
        0.8914728760719299,
        0.8966408371925354,
        0.8914728760719299
    ]
}