{
    "epsilon": [
        0.00784313725490196,
        0.01568627450980392,
        0.023529411764705882,
        0.03137254901960784,
        0.0392156862745098,
        0.047058823529411764,
        0.054901960784313725,
        0.06274509803921569,
        0.00784313725490196,
        0.01568627450980392,
        0.023529411764705882,
        0.03137254901960784,
        0.0392156862745098,
        0.047058823529411764,
        0.054901960784313725,
        0.06274509803921569
    ],
    "adv_entropy": [
        10.410046577453613,
        10.349418640136719,
        10.262700080871582,
        10.190692901611328,
        10.120861053466797,
        10.050776481628418,
        10.026731491088867,
        9.985572814941406,
        10.445034980773926,
        10.43725299835205,
        10.428848266601562,
        10.421853065490723,
        10.414040565490723,
        10.405055046081543,
        10.405160903930664,
        10.396455764770508
    ],
    "entropy_diff": [
        -0.1138162612915039,
        -0.053188323974609375,
        0.033530235290527344,
        0.10553741455078125,
        0.1753692626953125,
        0.2454538345336914,
        0.2694988250732422,
        0.3106575012207031,
        -0.1488046646118164,
        -0.1410226821899414,
        -0.13261795043945312,
        -0.12562274932861328,
        -0.11781024932861328,
        -0.1088247299194336,
        -0.10893058776855469,
        -0.10022544860839844
    ],
    "attention_shift": [
        0.8656330704689026,
        0.8940568566322327,
        0.9095607399940491,
        0.9147287011146545,
        0.9121447205543518,
        0.9276486039161682,
        0.9431524276733398,
        0.930232584476471,
        0.8475452065467834,
        0.8630490899085999,
        0.8733850121498108,
        0.881136953830719,
        0.8914728760719299,
        0.8940568566322327,
        0.8888888955116272,
        0.8888888955116272
    ]
}