{
    "epsilon": [
        0.00784313725490196,
        0.01568627450980392,
        0.023529411764705882,
        0.03137254901960784,
        0.0392156862745098,
        0.047058823529411764,
        0.054901960784313725,
        0.06274509803921569
    ],
    "adv_entropy": [
        10.442337989807129,
        10.432174682617188,
        10.42247486114502,
        10.413613319396973,
        10.405381202697754,
        10.397148132324219,
        10.390259742736816,
        10.382691383361816
    ],
    "entropy_diff": [
        0.11530590057373047,
        0.12546920776367188,
        0.13516902923583984,
        0.14403057098388672,
        0.15226268768310547,
        0.16049575805664062,
        0.16738414764404297,
        0.17495250701904297
    ],
    "attention_shift": [
        0.9139999747276306,
        0.9139999747276306,
        0.9190000295639038,
        0.9210000038146973,
        0.925000011920929,
        0.9200000166893005,
        0.9269999861717224,
        0.9269999861717224
    ]
}